Producto,Categoría,Marca Vehículo,Modelo Vehículo,Año Desde,Año Hasta,SKU Referencia
Powertrax PRO XR,Tapas y Lonas,Chevrolet,Silverado CD,2014,2025,
Powertrax PRO XR,Tapas y Lonas,Ford,F-150 CD,2009,2025,
Powertrax PRO MX,Tapas y Lonas,Chevrolet,Silverado CD,2014,2025,
Powertrax PRO MX,Tapas y Lonas,Ford,F-150 CD,2009,2025,
RETRAX PRO XR,Tapas y Lonas,Chevrolet,Silverado CD,2014,2025,
RETRAX PRO XR,Tapas y Lonas,Ford,F-150 CD,2009,2025,
RETRAX ONE XR,Tapas y Lonas,Chevrolet,Silverado CD,2014,2025,
RETRAX ONE XR,Tapas y Lonas,Ford,F-150 CD,2009,2025,
RETRAX ONE MX,Tapas y Lonas,Chevrolet,Silverado CD,2014,2025,
RETRAX ONE MX,Tapas y Lonas,Ford,F-150 CD,2009,2025,
Lona Marítima Flash Cove,Tapas y Lonas,Toyota,Hilux Revo,2016,2025,
Lona Marítima Flash Cove,Tapas y Lonas,Toyota,Hilux Rocco,2022,2025,
Lona Marítima Flash Cove,Tapas y Lonas,Toyota,Hilux Vigo,2006,2015,
Lona Marítima Flash Cove,Tapas y Lonas,Mitsubishi,L200,2008,2025,
Lona Marítima Flash Cove,Tapas y Lonas,Nissan,NP300,2016,2020,
Lona Marítima Flash Cove,Tapas y Lonas,Nissan,Navara D23,2021,2025,
Lona Marítima Flash Cove,Tapas y Lonas,Ford,Ranger (XL/XLT/LMTD),2012,2022,
Lona Marítima Flash Cove,Tapas y Lonas,Ford,New Ranger,2023,2025,
Lona Marítima Flash Cove,Tapas y Lonas,Ford,Maverick,2022,2025,
Lona Marítima Flash Cove,Tapas y Lonas,Mazda,BT50,2012,2021,
Lona Marítima Flash Cove,Tapas y Lonas,Mazda,New BT50,2022,2025,
Lona Marítima Flash Cove,Tapas y Lonas,Chevrolet,D-Max,2017,2025,
Lona Marítima Flash Cove,Tapas y Lonas,Maxus,T60,2019,2025,
Lona Marítima Flash Cove,Tapas y Lonas,Greatwall,Poer,2019,2025,
Lona Marítima Flash Cove,Tapas y Lonas,Changan,Hunter,2019,2025,
Lona Marítima Flash Cove,Tapas y Lonas,Changan,Landtrek,2019,2025,
Lona Marítima Flash Cove,Tapas y Lonas,Ssangyong,Musso,2019,2025,
SENTRY CT,Tapas y Lonas,Ford,F-150 CD,2004,2025,
SENTRY CT,Tapas y Lonas,Dodge,RAM 1500 CD,2019,2025,
SENTRY CT,Tapas y Lonas,Toyota,Tundra,2007,2025,
SENTRY CT,Tapas y Lonas,Chevrolet,Silverado,2007,2025,
TRUXPORT,Tapas y Lonas,Ford,F-150 CD,2004,2025,
TRUXPORT,Tapas y Lonas,Dodge,RAM 1500 CD,2019,2025,
TRUXPORT,Tapas y Lonas,Toyota,Tundra,2007,2025,
TRUXPORT,Tapas y Lonas,Chevrolet,Silverado,2007,2025,
Barra Antivuelco — Exclusivo Cromado,Barras Antivuelco,Toyota,Hilux Revo,2016,2025,
Barra Antivuelco — Exclusivo Cromado,Barras Antivuelco,Toyota,Hilux Vigo,2006,2015,
Barra Antivuelco — Exclusivo Cromado,Barras Antivuelco,Mitsubishi,L200,2007,2025,
Barra Antivuelco — Exclusivo Cromado,Barras Antivuelco,Mazda,BT50,2013,2021,
Barra Antivuelco — Exclusivo Cromado,Barras Antivuelco,Mazda,New BT50,2022,2025,
Barra Antivuelco — Exclusivo Cromado,Barras Antivuelco,Ford,Ranger,2013,2022,
Barra Antivuelco — Exclusivo Cromado,Barras Antivuelco,Ford,New Ranger,2023,2025,
Barra Antivuelco — Exclusivo Cromado,Barras Antivuelco,Nissan,NP300,2016,2025,
Barra Antivuelco — Exclusivo Cromado,Barras Antivuelco,Nissan,Navara D23,2021,2025,
Barra Antivuelco — Exclusivo Cromado,Barras Antivuelco,Maxus,T60,2019,2025,
Barra Antivuelco — Exclusivo Cromado,Barras Antivuelco,Changan,Hunter,2019,2025,
Barra Antivuelco — Exclusivo Cromado,Barras Antivuelco,Changan,Landtrek,2019,2025,
Barra Antivuelco — Exclusivo Cromado,Barras Antivuelco,Great Wall,Wingle,2010,2025,
Barra Antivuelco — Exclusivo Cromado,Barras Antivuelco,Ssangyong,Musso,2019,2025,
Barra Antivuelco — Exclusivo Cromado,Barras Antivuelco,Volkswagen,Amarok,2011,2025,
Barra Antivuelco — Exclusivo Cromado,Barras Antivuelco,Ford,F-150,2007,2025,
Barra Antivuelco — Exclusivo Cromado,Barras Antivuelco,Dodge,RAM 1500,2011,2025,
Barra Antivuelco — Exclusivo Cromado,Barras Antivuelco,Chevrolet,Silverado,2007,2025,
Barra Antivuelco — Exclusivo Cromado,Barras Antivuelco,Foton,Tunland,2015,2025,
Barra Antivuelco — Exclusivo Negro,Barras Antivuelco,Toyota,Hilux Revo,2016,2025,
Barra Antivuelco — Exclusivo Negro,Barras Antivuelco,Toyota,Hilux Vigo,2006,2015,
Barra Antivuelco — Exclusivo Negro,Barras Antivuelco,Mitsubishi,L200,2007,2025,
Barra Antivuelco — Exclusivo Negro,Barras Antivuelco,Mazda,BT50,2013,2021,
Barra Antivuelco — Exclusivo Negro,Barras Antivuelco,Mazda,New BT50,2022,2025,
Barra Antivuelco — Exclusivo Negro,Barras Antivuelco,Ford,Ranger,2013,2022,
Barra Antivuelco — Exclusivo Negro,Barras Antivuelco,Ford,New Ranger,2023,2025,
Barra Antivuelco — Exclusivo Negro,Barras Antivuelco,Nissan,NP300,2016,2025,
Barra Antivuelco — Exclusivo Negro,Barras Antivuelco,Nissan,Navara D23,2021,2025,
Barra Antivuelco — Exclusivo Negro,Barras Antivuelco,Maxus,T60,2019,2025,
Barra Antivuelco — Exclusivo Negro,Barras Antivuelco,Changan,Hunter,2019,2025,
Barra Antivuelco — Exclusivo Negro,Barras Antivuelco,Changan,Landtrek,2019,2025,
Barra Antivuelco — Exclusivo Negro,Barras Antivuelco,Great Wall,Wingle,2010,2025,
Barra Antivuelco — Exclusivo Negro,Barras Antivuelco,Ssangyong,Musso,2019,2025,
Barra Antivuelco — Exclusivo Negro,Barras Antivuelco,Volkswagen,Amarok,2011,2025,
Barra Antivuelco — Exclusivo Negro,Barras Antivuelco,Ford,F-150,2007,2025,
Barra Antivuelco — Exclusivo Negro,Barras Antivuelco,Dodge,RAM 1500,2011,2025,
Barra Antivuelco — Exclusivo Negro,Barras Antivuelco,Chevrolet,Silverado,2007,2025,
Barra Antivuelco — Exclusivo Negro,Barras Antivuelco,Foton,Tunland,2015,2025,
Barra Antivuelco — Premium Cromado,Barras Antivuelco,Toyota,Hilux Revo,2016,2025,
Barra Antivuelco — Premium Cromado,Barras Antivuelco,Toyota,Hilux Vigo,2006,2015,
Barra Antivuelco — Premium Cromado,Barras Antivuelco,Mitsubishi,L200,2007,2025,
Barra Antivuelco — Premium Cromado,Barras Antivuelco,Mazda,BT50,2013,2021,
Barra Antivuelco — Premium Cromado,Barras Antivuelco,Mazda,New BT50,2022,2025,
Barra Antivuelco — Premium Cromado,Barras Antivuelco,Ford,Ranger,2013,2022,
Barra Antivuelco — Premium Cromado,Barras Antivuelco,Ford,New Ranger,2023,2025,
Barra Antivuelco — Premium Cromado,Barras Antivuelco,Nissan,NP300,2016,2025,
Barra Antivuelco — Premium Cromado,Barras Antivuelco,Nissan,Navara D23,2021,2025,
Barra Antivuelco — Premium Cromado,Barras Antivuelco,Maxus,T60,2019,2025,
Barra Antivuelco — Premium Cromado,Barras Antivuelco,Changan,Hunter,2019,2025,
Barra Antivuelco — Premium Cromado,Barras Antivuelco,Changan,Landtrek,2019,2025,
Barra Antivuelco — Premium Cromado,Barras Antivuelco,Great Wall,Wingle,2010,2025,
Barra Antivuelco — Premium Cromado,Barras Antivuelco,Ssangyong,Musso,2019,2025,
Barra Antivuelco — Premium Cromado,Barras Antivuelco,Volkswagen,Amarok,2011,2025,
Barra Antivuelco — Premium Cromado,Barras Antivuelco,Ford,F-150,2007,2025,
Barra Antivuelco — Premium Cromado,Barras Antivuelco,Dodge,RAM 1500,2011,2025,
Barra Antivuelco — Premium Cromado,Barras Antivuelco,Chevrolet,Silverado,2007,2025,
Barra Antivuelco — Premium Cromado,Barras Antivuelco,Foton,Tunland,2015,2025,
Barra Antivuelco — Básico Cromado,Barras Antivuelco,Toyota,Hilux Revo,2016,2025,
Barra Antivuelco — Básico Cromado,Barras Antivuelco,Toyota,Hilux Vigo,2006,2015,
Barra Antivuelco — Básico Cromado,Barras Antivuelco,Mitsubishi,L200,2007,2025,
Barra Antivuelco — Básico Cromado,Barras Antivuelco,Mazda,BT50,2013,2021,
Barra Antivuelco — Básico Cromado,Barras Antivuelco,Mazda,New BT50,2022,2025,
Barra Antivuelco — Básico Cromado,Barras Antivuelco,Ford,Ranger,2013,2022,
Barra Antivuelco — Básico Cromado,Barras Antivuelco,Ford,New Ranger,2023,2025,
Barra Antivuelco — Básico Cromado,Barras Antivuelco,Nissan,NP300,2016,2025,
Barra Antivuelco — Básico Cromado,Barras Antivuelco,Nissan,Navara D23,2021,2025,
Barra Antivuelco — Básico Cromado,Barras Antivuelco,Maxus,T60,2019,2025,
Barra Antivuelco — Básico Cromado,Barras Antivuelco,Changan,Hunter,2019,2025,
Barra Antivuelco — Básico Cromado,Barras Antivuelco,Changan,Landtrek,2019,2025,
Barra Antivuelco — Básico Cromado,Barras Antivuelco,Great Wall,Wingle,2010,2025,
Barra Antivuelco — Básico Cromado,Barras Antivuelco,Ssangyong,Musso,2019,2025,
Barra Antivuelco — Básico Cromado,Barras Antivuelco,Volkswagen,Amarok,2011,2025,
Barra Antivuelco — Básico Cromado,Barras Antivuelco,Ford,F-150,2007,2025,
Barra Antivuelco — Básico Cromado,Barras Antivuelco,Dodge,RAM 1500,2011,2025,
Barra Antivuelco — Básico Cromado,Barras Antivuelco,Chevrolet,Silverado,2007,2025,
Barra Antivuelco — Básico Cromado,Barras Antivuelco,Foton,Tunland,2015,2025,
Barra Antivuelco — Modelo K Negro,Barras Antivuelco,Toyota,Hilux Revo,2016,2025,
Barra Antivuelco — Modelo K Negro,Barras Antivuelco,Toyota,Hilux Vigo,2006,2015,
Barra Antivuelco — Modelo K Negro,Barras Antivuelco,Mitsubishi,L200,2007,2025,
Barra Antivuelco — Modelo K Negro,Barras Antivuelco,Mazda,BT50,2013,2021,
Barra Antivuelco — Modelo K Negro,Barras Antivuelco,Mazda,New BT50,2022,2025,
Barra Antivuelco — Modelo K Negro,Barras Antivuelco,Ford,Ranger,2013,2022,
Barra Antivuelco — Modelo K Negro,Barras Antivuelco,Ford,New Ranger,2023,2025,
Barra Antivuelco — Modelo K Negro,Barras Antivuelco,Nissan,NP300,2016,2025,
Barra Antivuelco — Modelo K Negro,Barras Antivuelco,Nissan,Navara D23,2021,2025,
Barra Antivuelco — Modelo K Negro,Barras Antivuelco,Maxus,T60,2019,2025,
Barra Antivuelco — Modelo K Negro,Barras Antivuelco,Changan,Hunter,2019,2025,
Barra Antivuelco — Modelo K Negro,Barras Antivuelco,Changan,Landtrek,2019,2025,
Barra Antivuelco — Modelo K Negro,Barras Antivuelco,Great Wall,Wingle,2010,2025,
Barra Antivuelco — Modelo K Negro,Barras Antivuelco,Ssangyong,Musso,2019,2025,
Barra Antivuelco — Modelo K Negro,Barras Antivuelco,Volkswagen,Amarok,2011,2025,
Barra Antivuelco — Modelo K Negro,Barras Antivuelco,Ford,F-150,2007,2025,
Barra Antivuelco — Modelo K Negro,Barras Antivuelco,Dodge,RAM 1500,2011,2025,
Barra Antivuelco — Modelo K Negro,Barras Antivuelco,Chevrolet,Silverado,2007,2025,
Barra Antivuelco — Modelo K Negro,Barras Antivuelco,Foton,Tunland,2015,2025,
Barra Antivuelco — Offroad Negro,Barras Antivuelco,Toyota,Hilux Revo,2016,2025,
Barra Antivuelco — Offroad Negro,Barras Antivuelco,Toyota,Hilux Vigo,2006,2015,
Barra Antivuelco — Offroad Negro,Barras Antivuelco,Mitsubishi,L200,2007,2025,
Barra Antivuelco — Offroad Negro,Barras Antivuelco,Mazda,BT50,2013,2021,
Barra Antivuelco — Offroad Negro,Barras Antivuelco,Mazda,New BT50,2022,2025,
Barra Antivuelco — Offroad Negro,Barras Antivuelco,Ford,Ranger,2013,2022,
Barra Antivuelco — Offroad Negro,Barras Antivuelco,Ford,New Ranger,2023,2025,
Barra Antivuelco — Offroad Negro,Barras Antivuelco,Nissan,NP300,2016,2025,
Barra Antivuelco — Offroad Negro,Barras Antivuelco,Nissan,Navara D23,2021,2025,
Barra Antivuelco — Offroad Negro,Barras Antivuelco,Maxus,T60,2019,2025,
Barra Antivuelco — Offroad Negro,Barras Antivuelco,Changan,Hunter,2019,2025,
Barra Antivuelco — Offroad Negro,Barras Antivuelco,Changan,Landtrek,2019,2025,
Barra Antivuelco — Offroad Negro,Barras Antivuelco,Great Wall,Wingle,2010,2025,
Barra Antivuelco — Offroad Negro,Barras Antivuelco,Ssangyong,Musso,2019,2025,
Barra Antivuelco — Offroad Negro,Barras Antivuelco,Volkswagen,Amarok,2011,2025,
Barra Antivuelco — Offroad Negro,Barras Antivuelco,Ford,F-150,2007,2025,
Barra Antivuelco — Offroad Negro,Barras Antivuelco,Dodge,RAM 1500,2011,2025,
Barra Antivuelco — Offroad Negro,Barras Antivuelco,Chevrolet,Silverado,2007,2025,
Barra Antivuelco — Offroad Negro,Barras Antivuelco,Foton,Tunland,2015,2025,
Barra Antivuelco — 4x4 Single Bar Universal,Barras Antivuelco,Toyota,Hilux Revo,2016,2025,
Barra Antivuelco — 4x4 Single Bar Universal,Barras Antivuelco,Toyota,Hilux Vigo,2006,2015,
Barra Antivuelco — 4x4 Single Bar Universal,Barras Antivuelco,Mitsubishi,L200,2007,2025,
Barra Antivuelco — 4x4 Single Bar Universal,Barras Antivuelco,Mazda,BT50,2013,2021,
Barra Antivuelco — 4x4 Single Bar Universal,Barras Antivuelco,Mazda,New BT50,2022,2025,
Barra Antivuelco — 4x4 Single Bar Universal,Barras Antivuelco,Ford,Ranger,2013,2022,
Barra Antivuelco — 4x4 Single Bar Universal,Barras Antivuelco,Ford,New Ranger,2023,2025,
Barra Antivuelco — 4x4 Single Bar Universal,Barras Antivuelco,Nissan,NP300,2016,2025,
Barra Antivuelco — 4x4 Single Bar Universal,Barras Antivuelco,Nissan,Navara D23,2021,2025,
Barra Antivuelco — 4x4 Single Bar Universal,Barras Antivuelco,Maxus,T60,2019,2025,
Barra Antivuelco — 4x4 Single Bar Universal,Barras Antivuelco,Changan,Hunter,2019,2025,
Barra Antivuelco — 4x4 Single Bar Universal,Barras Antivuelco,Changan,Landtrek,2019,2025,
Barra Antivuelco — 4x4 Single Bar Universal,Barras Antivuelco,Great Wall,Wingle,2010,2025,
Barra Antivuelco — 4x4 Single Bar Universal,Barras Antivuelco,Ssangyong,Musso,2019,2025,
Barra Antivuelco — 4x4 Single Bar Universal,Barras Antivuelco,Volkswagen,Amarok,2011,2025,
Barra Antivuelco — 4x4 Single Bar Universal,Barras Antivuelco,Ford,F-150,2007,2025,
Barra Antivuelco — 4x4 Single Bar Universal,Barras Antivuelco,Dodge,RAM 1500,2011,2025,
Barra Antivuelco — 4x4 Single Bar Universal,Barras Antivuelco,Chevrolet,Silverado,2007,2025,
Barra Antivuelco — 4x4 Single Bar Universal,Barras Antivuelco,Foton,Tunland,2015,2025,
Barra Antivuelco — Single Bar (exclusivo Hilux),Barras Antivuelco,Toyota,Hilux Revo,2016,2025,
Barra Antivuelco — Single Bar (exclusivo Hilux),Barras Antivuelco,Toyota,Hilux Vigo,2006,2015,
Pisadera Eléctrica Go Rhino E1,Pisaderas,Toyota,Hilux Revo,2016,2025,
Pisadera Eléctrica Go Rhino E1,Pisaderas,Toyota,Hilux Vigo,2006,2015,
Pisadera Eléctrica Go Rhino E1,Pisaderas,Mitsubishi,L200,2016,2025,
Pisadera Eléctrica Go Rhino E1,Pisaderas,Nissan,NP300,2016,2025,
Pisadera Eléctrica Go Rhino E1,Pisaderas,Nissan,Navara D23,2021,2025,
Pisadera Eléctrica Go Rhino E1,Pisaderas,Ford,Ranger,2013,2022,
Pisadera Eléctrica Go Rhino E1,Pisaderas,Ford,New Ranger,2023,2025,
Pisadera Eléctrica Go Rhino E1,Pisaderas,Mazda,BT50,2013,2021,
Pisadera Eléctrica Go Rhino E1,Pisaderas,Mazda,New BT50,2022,2025,
Pisadera Eléctrica Go Rhino E1,Pisaderas,Chevrolet,D-Max,2017,2025,
Pisadera Eléctrica Go Rhino E1,Pisaderas,Maxus,T60,2019,2025,
Pisadera Eléctrica Go Rhino E1,Pisaderas,Ssangyong,Musso,2019,2025,
Pisadera Go Rhino RB10 Raptor,Pisaderas,Toyota,Hilux Revo,2016,2025,
Pisadera Go Rhino RB10 Raptor,Pisaderas,Toyota,Hilux Vigo,2006,2015,
Pisadera Go Rhino RB10 Raptor,Pisaderas,Mitsubishi,L200,2016,2025,
Pisadera Go Rhino RB10 Raptor,Pisaderas,Nissan,NP300,2016,2025,
Pisadera Go Rhino RB10 Raptor,Pisaderas,Nissan,Navara D23,2021,2025,
Pisadera Go Rhino RB10 Raptor,Pisaderas,Ford,Ranger,2013,2022,
Pisadera Go Rhino RB10 Raptor,Pisaderas,Ford,New Ranger,2023,2025,
Pisadera Go Rhino RB10 Raptor,Pisaderas,Mazda,BT50,2013,2021,
Pisadera Go Rhino RB10 Raptor,Pisaderas,Mazda,New BT50,2022,2025,
Pisadera Go Rhino RB10 Raptor,Pisaderas,Chevrolet,D-Max,2017,2025,
Pisadera Go Rhino RB10 Raptor,Pisaderas,Maxus,T60,2019,2025,
Pisadera Go Rhino RB10 Raptor,Pisaderas,Ssangyong,Musso,2019,2025,
Pisadera Go Rhino RB30 Raptor,Pisaderas,Toyota,Hilux Revo,2016,2025,
Pisadera Go Rhino RB30 Raptor,Pisaderas,Toyota,Hilux Vigo,2006,2015,
Pisadera Go Rhino RB30 Raptor,Pisaderas,Mitsubishi,L200,2016,2025,
Pisadera Go Rhino RB30 Raptor,Pisaderas,Nissan,NP300,2016,2025,
Pisadera Go Rhino RB30 Raptor,Pisaderas,Nissan,Navara D23,2021,2025,
Pisadera Go Rhino RB30 Raptor,Pisaderas,Ford,Ranger,2013,2022,
Pisadera Go Rhino RB30 Raptor,Pisaderas,Ford,New Ranger,2023,2025,
Pisadera Go Rhino RB30 Raptor,Pisaderas,Mazda,BT50,2013,2021,
Pisadera Go Rhino RB30 Raptor,Pisaderas,Mazda,New BT50,2022,2025,
Pisadera Go Rhino RB30 Raptor,Pisaderas,Chevrolet,D-Max,2017,2025,
Pisadera Go Rhino RB30 Raptor,Pisaderas,Maxus,T60,2019,2025,
Pisadera Go Rhino RB30 Raptor,Pisaderas,Ssangyong,Musso,2019,2025,
Pisadera Fija Go Rhino — Chevrolet Silverado CD 2019+,Pisaderas,Chevrolet,Silverado CD,2019,2025,
Pisadera Shark Heavy Duty Texturado,Pisaderas,Toyota,Hilux Revo,2016,2025,NM-T10
Pisadera Shark Heavy Duty Texturado,Pisaderas,Toyota,Hilux Vigo,2006,2015,NM-T10
Pisadera Shark Heavy Duty Texturado,Pisaderas,Mitsubishi,L200,2016,2024,NM-T10
Pisadera Shark Heavy Duty Texturado,Pisaderas,Nissan,NP300,2016,2025,NM-T10
Pisadera Shark Heavy Duty Texturado,Pisaderas,Nissan,Navara D23,2016,2025,NM-T10
Pisadera Shark Heavy Duty Texturado,Pisaderas,Ford,Ranger,2016,2022,NM-T10
Pisadera Shark Heavy Duty Texturado,Pisaderas,Mazda,BT50,2013,2021,NM-T10
Pisadera Shark Heavy Duty Texturado,Pisaderas,Maxus,T60,2019,2025,NM-T10
Pisadera Shark Heavy Duty Texturado,Pisaderas,Ssangyong,Musso,2019,2025,NM-T10
Pisadera Shark Heavy Duty Texturado,Pisaderas,Chevrolet,D-Max,2017,2025,NM-T10
Pisadera Shark Heavy Duty Texturado,Pisaderas,Volkswagen,Amarok,2011,2025,NM-T10
Pisadera Shark Heavy Duty Texturado,Pisaderas,Chevrolet,Silverado,2019,2025,NM-T10
Pisadera Shark Heavy Duty Texturado,Pisaderas,Dodge,RAM 1500,2011,2025,NM-T10
Pisadera Heavy Duty Raptor,Pisaderas,Toyota,Hilux Revo,2016,2025,NM-T02
Pisadera Heavy Duty Raptor,Pisaderas,Toyota,Hilux Vigo,2006,2015,NM-T02
Pisadera Heavy Duty Raptor,Pisaderas,Nissan,NP300,2016,2025,NM-T02
Pisadera Heavy Duty Raptor,Pisaderas,Nissan,Navara D23,2016,2025,NM-T02
Pisadera Heavy Duty Raptor,Pisaderas,Volkswagen,Amarok,2011,2025,NM-T02
Pisadera Heavy Duty Raptor,Pisaderas,Ford,Ranger,2013,2022,NM-T02
Pisadera Heavy Duty Raptor,Pisaderas,Mazda,BT50,2013,2021,NM-T02
Pisadera Heavy Duty Raptor,Pisaderas,Ford,New Ranger,2023,2025,NM-T02
Pisadera Heavy Duty Raptor,Pisaderas,Maxus,T60,2019,2025,NM-T02
Pisadera Heavy Duty Raptor,Pisaderas,Mitsubishi,L200,2016,2024,NM-T02
Pisadera Heavy Duty Raptor,Pisaderas,Mitsubishi,L200,2024,2025,NM-T02
Pisadera Heavy Duty Raptor,Pisaderas,Ssangyong,Musso,2019,2025,NM-T02
Pisadera Heavy Duty Raptor,Pisaderas,Ford,F-150,2007,2025,NM-T02
Pisadera Heavy Duty Raptor,Pisaderas,Chevrolet,Silverado,2007,2025,NM-T02
Pisadera Heavy Duty Raptor,Pisaderas,Dodge,RAM 1500,2011,2025,NM-T02
Pisadera Heavy Duty TRD,Pisaderas,Toyota,Hilux Revo,2016,2025,NM-T17
Pisadera Heavy Duty TRD,Pisaderas,Nissan,NP300,2016,2025,NM-T17
Pisadera Heavy Duty TRD,Pisaderas,Nissan,Navara D23,2016,2025,NM-T17
Pisadera Heavy Duty TRD,Pisaderas,Mitsubishi,L200,2016,2024,NM-T17
Pisadera Aluminio Cromado — Ford F-150 / Dodge RAM,Pisaderas,Ford,F-150,2016,2023,NM-H-FT007
Pisadera Aluminio Cromado — Ford F-150 / Dodge RAM,Pisaderas,Dodge,RAM 1500,2019,2023,NM-H-FT007
Pisadera Aluminio Negro NP300,Pisaderas,Nissan,NP300,2016,2025,NM-H-139
Pisadera Aluminio Negro NP300,Pisaderas,Nissan,Navara D23,2016,2025,NM-H-139
Pisadera Aluminio Negro All Black NP300,Pisaderas,Nissan,NP300,2016,2025,NM-H-049-BK
Pisadera Aluminio Negro All Black NP300,Pisaderas,Nissan,Navara D23,2016,2025,NM-H-049-BK
Pisadera Aluminio Bicolor NP300,Pisaderas,Nissan,NP300,2016,2025,NM-H-049
Pisadera Aluminio Bicolor NP300,Pisaderas,Nissan,Navara D23,2016,2025,NM-H-049
Pisadera Negra Original Hilux Revo,Pisaderas,Toyota,Hilux Revo,2016,2025,NM-H-079-BK
Pisadera Aluminio Bicolor Mazda BT50 2022+,Pisaderas,Mazda,New BT50,2022,2025,NM-H-BT5022+
Pisadera Aluminio Bicolor Mitsubishi L200,Pisaderas,Mitsubishi,L200,2016,2025,NM-H-138-BC
Pisadera Aluminio All Black Mitsubishi L200,Pisaderas,Mitsubishi,L200,2016,2025,NM-H-138-BK
Pisadera Bicolor Original Mitsubishi L200 2024+,Pisaderas,Mitsubishi,L200,2024,2025,NM-H-T002
Pisadera Original Bicolor Ford Ranger 2012-2022,Pisaderas,Ford,Ranger,2012,2022,NM-H-038
Pisadera Aluminio Bicolor Ford New Ranger 2023+,Pisaderas,Ford,New Ranger,2023,2025,NM-H-RT001
Pisadera Aluminio Bicolor Chevrolet D-Max,Pisaderas,Chevrolet,D-Max,2017,2025,NM-H-051
Pisadera Infinity de Brasil — Aluminio Cromado,Pisaderas,Toyota,Hilux Revo,2016,2025,
Pisadera Infinity de Brasil — Aluminio Cromado,Pisaderas,Nissan,NP300,2016,2025,
Pisadera Infinity de Brasil — Aluminio Cromado,Pisaderas,Chevrolet,D-Max,2017,2025,
Pisadera Infinity de Brasil — Aluminio Cromado,Pisaderas,Ford,Ranger,2013,2022,
Pisadera Infinity de Brasil — Aluminio Cromado,Pisaderas,Ford,New Ranger,2023,2025,
Pisadera Infinity de Brasil — Aluminio Cromado,Pisaderas,Mazda,BT50,2013,2021,
Pisadera Infinity de Brasil — Aluminio Negro,Pisaderas,Toyota,Hilux Revo,2016,2025,
Pisadera Infinity de Brasil — Aluminio Negro,Pisaderas,Nissan,NP300,2016,2025,
Pisadera Infinity de Brasil — Aluminio Negro,Pisaderas,Chevrolet,D-Max,2017,2025,
Pisadera Infinity de Brasil — Aluminio Negro,Pisaderas,Ford,Ranger,2013,2022,
Pisadera Infinity de Brasil — Aluminio Negro,Pisaderas,Ford,New Ranger,2024,2025,
Pisadera Infinity de Brasil — Aluminio Negro,Pisaderas,Mazda,BT50,2013,2021,
Pisadera de Aluminio con Línea,Pisaderas,Toyota,Hilux Revo,2016,2025,NM-SRB05
Pisadera de Aluminio con Línea,Pisaderas,Toyota,Hilux Vigo,2006,2015,NM-SRB05
Pisadera de Aluminio con Línea,Pisaderas,Mitsubishi,L200,2016,2025,NM-SRB05
Pisadera de Aluminio con Línea,Pisaderas,Ssangyong,Musso,2019,2025,NM-SRB05
Pisadera de Aluminio con Línea,Pisaderas,Nissan,NP300,2016,2025,NM-SRB05
Pisadera de Aluminio con Línea,Pisaderas,Nissan,Navara D23,2016,2025,NM-SRB05
Pisadera de Aluminio con Línea,Pisaderas,Volkswagen,Amarok,2011,2025,NM-SRB05
Pisadera de Aluminio con Línea,Pisaderas,Ford,Ranger,2013,2022,NM-SRB05
Pisadera de Aluminio con Línea,Pisaderas,Mazda,BT50,2013,2021,NM-SRB05
Pisadera de Aluminio con Línea,Pisaderas,Maxus,T60,2019,2025,NM-SRB05
Pisadera Plano con Línea,Pisaderas,Toyota,Hilux Revo,2016,2025,NM-C1018
Pisadera Ovalada Tubolar — Acero 4 Pulgadas,Pisaderas,Toyota,Hilux Revo,2016,2025,
Pisadera Ovalada Tubolar — Acero 4 Pulgadas,Pisaderas,Ford,Ranger,2013,2022,
Pisadera Ovalada Tubolar — Acero 4 Pulgadas,Pisaderas,Mazda,BT50,2013,2021,
Parachoque Trasero Hilux Revo 2016-2024,Exteriores Carrocería,Toyota,Hilux Revo,2016,2024,NM-MR058
Parachoque Trasero Chevrolet D-Max 2017+,Exteriores Carrocería,Chevrolet,D-Max,2017,2025,NM-MR050
Parachoque Trasero Mitsubishi L200 Dakar 2019-2024,Exteriores Carrocería,Mitsubishi,L200 Dakar,2019,2024,NM-H-T003
Parachoque Trasero Mitsubishi L200 2007-2019,Exteriores Carrocería,Mitsubishi,L200,2007,2019,NM-MR054
Parachoque Trasero Mazda BT50 / Ford Ranger 2013-2021,Exteriores Carrocería,Mazda,BT50,2013,2021,NM-MR053
Parachoque Trasero Mazda BT50 / Ford Ranger 2013-2021,Exteriores Carrocería,Ford,Ranger,2013,2021,NM-MR053
Llanta Aro 17 Negro Mate (NM-LGS30),Llantas y Espaciadores,Toyota,Hilux,2005,2025,NM-LGS30
Llanta Aro 17 Negro Mate (NM-LGS30),Llantas y Espaciadores,Toyota,Fortuner,2005,2025,NM-LGS30
Llanta Aro 17 Negro Mate (NM-LGS30),Llantas y Espaciadores,Mitsubishi,L200,2005,2025,NM-LGS30
Llanta Aro 17 Negro Mate (NM-LGS30),Llantas y Espaciadores,Nissan,NP300,2016,2025,NM-LGS30
Llanta Aro 17 Negro Mate (NM-LGS30),Llantas y Espaciadores,Ford,Ranger,2013,2025,NM-LGS30
Llanta Aro 17 Negro Mate (NM-LGS30),Llantas y Espaciadores,Mazda,BT50,2013,2025,NM-LGS30
Llanta Aro 17 Negro Mate (NM-LGS30),Llantas y Espaciadores,Chevrolet,D-Max,2017,2025,NM-LGS30
Llanta Aro 17 Negro Mate Offset -10 (NM-ULF-S01),Llantas y Espaciadores,Toyota,Hilux,2005,2025,NM-ULF-S01
Llanta Aro 17 Negro Mate Offset -10 (NM-ULF-S01),Llantas y Espaciadores,Mitsubishi,L200,2005,2025,NM-ULF-S01
Llanta Aro 17 Negro Mate Offset -10 (NM-ULF-S01),Llantas y Espaciadores,Nissan,NP300,2016,2025,NM-ULF-S01
Llanta Aro 17 Negro Mate Offset -10 (NM-ULF-S01),Llantas y Espaciadores,Ford,Ranger,2013,2025,NM-ULF-S01
Llanta Aro 17 Negro Mate Offset -10 (NM-ULF-S01),Llantas y Espaciadores,Mazda,BT50,2013,2025,NM-ULF-S01
Amortiguador de Portalón Pickup,Accesorios Pickup,Mazda,New BT50,2021,2025,
Amortiguador de Portalón Pickup,Accesorios Pickup,Nissan,NP300,2016,2020,
Amortiguador de Portalón Pickup,Accesorios Pickup,Nissan,Navara D23,2021,2025,
Amortiguador de Portalón Pickup,Accesorios Pickup,Ford,Ranger,2013,2023,
Amortiguador de Portalón Pickup,Accesorios Pickup,Ford,Ranger Raptor,2019,2023,
Amortiguador de Portalón Pickup,Accesorios Pickup,Ford,New Ranger,2023,2025,
Amortiguador de Portalón Pickup,Accesorios Pickup,Toyota,Hilux Revo,2016,2025,
Amortiguador de Portalón Pickup,Accesorios Pickup,Mitsubishi,L200,2016,2024,
Amortiguador de Portalón Pickup,Accesorios Pickup,Mazda,BT50,2013,2020,
Aleta Bota Agua (Extensión Tapabarro Exterior),Exteriores Carrocería,Toyota,Hilux Revo,2016,2025,
Aleta Bota Agua (Extensión Tapabarro Exterior),Exteriores Carrocería,Toyota,Hilux Rocco,2022,2025,
Aleta Bota Agua (Extensión Tapabarro Exterior),Exteriores Carrocería,Toyota,Hilux Vigo,2008,2015,
Aleta Bota Agua (Extensión Tapabarro Exterior),Exteriores Carrocería,Mitsubishi,L200,2008,2015,
Aleta Bota Agua (Extensión Tapabarro Exterior),Exteriores Carrocería,Mitsubishi,L200,2016,2025,
Aleta Bota Agua (Extensión Tapabarro Exterior),Exteriores Carrocería,Nissan,NP300,2016,2025,
Aleta Bota Agua (Extensión Tapabarro Exterior),Exteriores Carrocería,Nissan,Navara D23,2016,2025,
Aleta Bota Agua (Extensión Tapabarro Exterior),Exteriores Carrocería,Ford,Ranger,2012,2022,
Deflector de Capot (varios modelos),Exteriores Carrocería,Toyota,Hilux Vigo,2012,2015,NM-108
Deflector de Capot (varios modelos),Exteriores Carrocería,Toyota,Hilux Revo,2016,2025,NM-8112
Deflector de Capot (varios modelos),Exteriores Carrocería,Toyota,Hilux Rocco,2022,2025,NM-1065
Deflector de Capot (varios modelos),Exteriores Carrocería,Mitsubishi,L200,2019,2024,MT15BG-9036
Deflector de Capot (varios modelos),Exteriores Carrocería,Mitsubishi,L200,2016,2019,MT15BG-9006
Deflector de Capot (varios modelos),Exteriores Carrocería,Mazda,New BT50,2022,2024,NM-A204-BT50
Deflector de Capot (varios modelos),Exteriores Carrocería,Mazda,BT50,2013,2020,NM-9017
Deflector de Capot (varios modelos),Exteriores Carrocería,Greatwall,Poer AT,2019,2025,NM-1059
Deflector de Capot (varios modelos),Exteriores Carrocería,Nissan,Navara D23,2021,2025,NM-9146
Deflector de Capot (varios modelos),Exteriores Carrocería,Nissan,NP300,2016,2021,NM-9014
Deflector de Capot (varios modelos),Exteriores Carrocería,Nissan,Terrano D22,2005,2015,NM-9049
Deflector de Capot (varios modelos),Exteriores Carrocería,Volkswagen,Amarok,2011,2023,NM-1047
Deflector de Capot (varios modelos),Exteriores Carrocería,Chevrolet,D-Max,2017,2021,NM-9011
Deflector de Capot (varios modelos),Exteriores Carrocería,Maxus,T60,2019,2025,NM-T60-01
Deflector de Capot (varios modelos),Exteriores Carrocería,Ford,New Ranger,2023,2025,NM-9320
Deflector de Capot (varios modelos),Exteriores Carrocería,Ford,Ranger,2016,2022,
Extensión de Tapabarro (varios modelos),Exteriores Carrocería,Toyota,Hilux Revo DX,2016,2021,
Extensión de Tapabarro (varios modelos),Exteriores Carrocería,Toyota,Hilux Revo SR,2016,2024,
Extensión de Tapabarro (varios modelos),Exteriores Carrocería,Toyota,Hilux Vigo,2012,2015,
Extensión de Tapabarro (varios modelos),Exteriores Carrocería,Mitsubishi,L200,2008,2015,
Extensión de Tapabarro (varios modelos),Exteriores Carrocería,Mitsubishi,L200,2016,2019,
Extensión de Tapabarro (varios modelos),Exteriores Carrocería,Mitsubishi,L200,2019,2023,
Extensión de Tapabarro (varios modelos),Exteriores Carrocería,Mitsubishi,L200,2024,2025,
Extensión de Tapabarro (varios modelos),Exteriores Carrocería,Mazda,New BT50,2022,2024,
Extensión de Tapabarro (varios modelos),Exteriores Carrocería,Ford,New Ranger,2022,2025,
Extensión de Tapabarro (varios modelos),Exteriores Carrocería,Greatwall,Poer AT,2019,2025,
Extensión de Tapabarro (varios modelos),Exteriores Carrocería,Greatwall,Poer MT,2019,2025,
Extensión de Tapabarro (varios modelos),Exteriores Carrocería,Mercedes-Benz,X-Class,2018,2022,
Extensión de Tapabarro (varios modelos),Exteriores Carrocería,Chevrolet,D-Max,2017,2021,
Extensión de Tapabarro (varios modelos),Exteriores Carrocería,Nissan,NP300,2016,2025,
Extensión de Tapabarro (varios modelos),Exteriores Carrocería,Nissan,Navara D23,2016,2025,
Extensión de Tapabarro (varios modelos),Exteriores Carrocería,Volkswagen,Amarok,2011,2023,
Extensión de Tapabarro (varios modelos),Exteriores Carrocería,Maxus,T60,2019,2023,
Extensión de Tapabarro (varios modelos),Exteriores Carrocería,Dodge,RAM 1500,2009,2018,
Bumper Delantero con LED Mitsubishi L200 2019+,Exteriores Carrocería,Mitsubishi,L200,2019,2025,NM-H-T001-TR
Bumper Delantero Toyota Hilux Revo 2016-2024,Exteriores Carrocería,Toyota,Hilux Revo,2016,2024,NM-H-R001-RV
Máscara Ford Ranger 2012-2016 (con/sin LED),Exteriores Carrocería,Ford,Ranger,2012,2016,NM-FGL-4008
Máscara Ford Ranger 2016-2023 (con LED),Exteriores Carrocería,Ford,Ranger T7,2016,2020,NM-FGL-4001
Máscara Ford Ranger 2016-2023 (con LED),Exteriores Carrocería,Ford,Ranger T8,2020,2023,NM-FGL-4010
Toma Aire para Capot (varios modelos),Exteriores Carrocería,Ford,Ranger,2016,2021,NM-HS-6048
Toma Aire para Capot (varios modelos),Exteriores Carrocería,Toyota,Hilux Revo,2016,2024,NM-HS-6122
Toma Aire para Capot (varios modelos),Exteriores Carrocería,Mitsubishi,L200,2019,2024,NM-HS-6164
Toma Aire para Capot (varios modelos),Exteriores Carrocería,Mitsubishi,L200,2024,2025,NM-HS-6291
Cubre Baranda Pickup Plástico ABS,Exteriores Carrocería,Maxus,T60,2019,2025,
Cubre Baranda Pickup Plástico ABS,Exteriores Carrocería,Greatwall,Poer MT,2019,2025,
Cubre Baranda Pickup Plástico ABS,Exteriores Carrocería,Ssangyong,Musso,2019,2025,
Cubre Baranda Pickup Plástico ABS,Exteriores Carrocería,Mazda,New BT50,2022,2025,
Cubre Baranda Pickup Plástico ABS,Exteriores Carrocería,Ford,Ranger,2013,2022,
Cubre Baranda Pickup Plástico ABS,Exteriores Carrocería,Mazda,BT50,2013,2021,
Guarda Barro para Camioneta (varios modelos),Exteriores Carrocería,Toyota,Hilux Revo DX,2016,2025,NM-B-111
Guarda Barro para Camioneta (varios modelos),Exteriores Carrocería,Toyota,Hilux Revo SR,2016,2025,NM-B-111
Guarda Barro para Camioneta (varios modelos),Exteriores Carrocería,Ford,Ranger,2013,2022,4011-1004
Guarda Barro para Camioneta (varios modelos),Exteriores Carrocería,Greatwall,Poer MT Elite,2019,2025,NM-GMP21-01
Guarda Barro para Camioneta (varios modelos),Exteriores Carrocería,Greatwall,Poer AT Deluxe,2019,2025,NM-GMP21-01
Guarda Barro para Camioneta (varios modelos),Exteriores Carrocería,Nissan,NP300,2016,2020,NM-NS16+-01
Guarda Barro para Camioneta (varios modelos),Exteriores Carrocería,Volkswagen,Amarok,2011,2025,NM-VA11+-01
Guarda Barro para Camioneta (varios modelos),Exteriores Carrocería,Mitsubishi,L200,2019,2024,NM-MT19+-01
Kit Biseles y Focos Delantero/Trasero (varios modelos),Exteriores Carrocería,Ford,Ranger,2012,2023,NM-FR0020-CH
Kit Biseles y Focos Delantero/Trasero (varios modelos),Exteriores Carrocería,Toyota,Hilux Revo,2016,2024,NM-RV0100-CH
Kit Biseles y Focos Delantero/Trasero (varios modelos),Exteriores Carrocería,Mitsubishi,L200,2016,2019,NM-MT0031-CH
Cubre Espejo con LED y Manilla,Exteriores Carrocería,Toyota,Hilux Revo,2016,2025,NM-RV0105
Cubre Espejo con LED y Manilla,Exteriores Carrocería,Mitsubishi,L200,2016,2019,NM-MT0033
Barra Transversal Original Hyundai (Santa Fe / Creta / Kia),Barras Transversales,Hyundai,Santa Fe,2015,2021,NM-B-106
Barra Transversal Original Hyundai (Santa Fe / Creta / Kia),Barras Transversales,Hyundai,Creta,2015,2021,NM-B-111
Barra Transversal Original Hyundai (Santa Fe / Creta / Kia),Barras Transversales,Kia,Sportage,2015,2021,NM-B-103
Barra Transversal Original Hyundai (Santa Fe / Creta / Kia),Barras Transversales,Kia,Sportage,2022,2025,NM-B-110
Barra Transversal Original Ford Explorer,Barras Transversales,Ford,Explorer,2016,2021,NM-B037
Barra Transversal Original Ford Explorer,Barras Transversales,Ford,Explorer,2021,2024,NM-B-031
Barra Transversal Original Jeep,Barras Transversales,Jeep,Grand Cherokee L,2023,2025,NM-B-114
Barra Transversal Original Jeep,Barras Transversales,Jeep,Compass,2013,2024,NM-B-007A
Barra Transversal Original Toyota SUV,Barras Transversales,Toyota,Corolla Cross,2022,2025,NM-B-119
Barra Transversal Original Toyota SUV,Barras Transversales,Toyota,Yaris Cross,2023,2025,NM-B-YR001
Barra Transversal Original Toyota SUV,Barras Transversales,Toyota,RAV4,2019,2024,NM-B-028
Barra Transversal Original Toyota SUV,Barras Transversales,Toyota,4Runner,2011,2024,NM-B-4RNR
Barra Transversal Original Nissan SUV,Barras Transversales,Nissan,New X-Trail,2023,2025,NM-B-057
Barra Transversal Original Nissan SUV,Barras Transversales,Nissan,Kicks,2016,2024,NM-B-063
Barra Transversal Original Mitsubishi Outlander,Barras Transversales,Mitsubishi,Outlander,2017,2024,NM-B-OLD001
Barra Transversal Original Mitsubishi Outlander,Barras Transversales,Mitsubishi,Outlander,2024,2025,NM-B-OLD002
Barra Transversal Original Honda New Pilot,Barras Transversales,Honda,Pilot,2016,2023,NM-B-049
Barra Transversal Original Honda New Pilot,Barras Transversales,Honda,Pilot,2023,2025,NM-B-133
Barra Transversal Original Suzuki Jimny / Jeep Wrangler,Barras Transversales,Suzuki,Jimny,2019,2025,NM-B-085
Barra Transversal Original Suzuki Jimny / Jeep Wrangler,Barras Transversales,Jeep,Wrangler,2007,2025,NM-B-085
Barra Lateral Aluminio Apernado L200 — Gris,Barras Laterales,Mitsubishi,L200,2016,2025,NM-C-103
Barra Lateral Aluminio Apernado L200 — Negro,Barras Laterales,Mitsubishi,L200,2016,2025,NM-C-103
Barra Lateral Aluminio L200 2024+ — Negro,Barras Laterales,Mitsubishi,L200,2024,2025,NM-C-L200
Barra Lateral Aluminio Apernado D-Max 2017+ — Negro,Barras Laterales,Chevrolet,D-Max,2017,2025,YH-C-099
Barra Lateral Aluminio Mazda New BT50 2022+ — Gris Oscuro,Barras Laterales,Mazda,New BT50,2022,2025,
Barra Lateral Aluminio Mazda New BT50 2022+ — Negro Piano,Barras Laterales,Mazda,New BT50,2022,2025,
Barra Lateral Aluminio Ford New Ranger 2024+ — Gris,Barras Laterales,Ford,New Ranger,2024,2025,NM-C-RT001
Barra Lateral Aluminio Ford Ranger 2012-2022 — Gris,Barras Laterales,Ford,Ranger,2012,2022,NM-C-038
Barra Lateral Aluminio NP300/Navara D23 — Gris,Barras Laterales,Nissan,NP300,2016,2025,NM-C-086
Barra Lateral Aluminio NP300/Navara D23 — Gris,Barras Laterales,Nissan,Navara D23,2021,2025,NM-C-086
Barra Lateral Aluminio NP300/Navara D23 — Negro,Barras Laterales,Nissan,NP300,2016,2025,NM-C-086
Barra Lateral Aluminio NP300/Navara D23 — Negro,Barras Laterales,Nissan,Navara D23,2021,2025,NM-C-086
Barra Lateral Aluminio VW Amarok 2011+ — Gris,Barras Laterales,Volkswagen,Amarok,2011,2025,NM-C-158
Barra Lateral Aluminio Toyota RAV4 2013-2019 — Gris,Barras Laterales,Toyota,RAV4,2013,2019,NM-C-066
Barra Lateral Aluminio Mazda CX-30 2020+ — Gris,Barras Laterales,Mazda,CX-30,2020,2025,
Barra Lateral Original OEM Toyota RAV4 2019-2024,Barras Laterales,Toyota,RAV4,2019,2024,
Barra Lateral Original Peugeot Landtrek 2021+,Barras Laterales,Peugeot,Landtrek,2021,2025,
Pisos Calce Perfecto Pickup (varios modelos),Accesorios Interiores,Toyota,Hilux Revo,2016,2025,
Pisos Calce Perfecto Pickup (varios modelos),Accesorios Interiores,Toyota,Hilux Vigo,2008,2015,
Pisos Calce Perfecto Pickup (varios modelos),Accesorios Interiores,Mitsubishi,L200,2016,2024,
Piso Maletero Calce Perfecto (varios SUV),Accesorios Interiores,Changan,CS35 Plus,2018,2025,
Piso Maletero Calce Perfecto (varios SUV),Accesorios Interiores,Haval,Jolion,2021,2025,
Piso Maletero Calce Perfecto (varios SUV),Accesorios Interiores,Jeep,Grand Cherokee,2016,2024,
Piso Maletero Calce Perfecto (varios SUV),Accesorios Interiores,Toyota,RAV4,2019,2025,
Enganche Americano de Remolque,Accesorios Enganche,Toyota,Hilux Vigo,2008,2015,NM-HT01
Enganche Americano de Remolque,Accesorios Enganche,Toyota,Hilux Revo,2016,2025,NM-HT01
Enganche Americano de Remolque,Accesorios Enganche,Mitsubishi,L200,2016,2025,NM-HT01
Enganche Americano de Remolque,Accesorios Enganche,Maxus,T60,2019,2025,NM-HT01
Enganche Americano de Remolque,Accesorios Enganche,JMC,Gran Avenue,2023,2025,NM-HT01
Enganche Americano de Remolque,Accesorios Enganche,Ford,Ranger,2012,2022,NM-HT01
Enganche Americano de Remolque,Accesorios Enganche,Ford,New Ranger,2023,2025,NM-HT01
Enganche Americano de Remolque,Accesorios Enganche,Mazda,BT50,2012,2021,NM-HT01
Enganche Americano de Remolque,Accesorios Enganche,Mazda,New BT50,2022,2025,NM-HT01
Enganche Americano de Remolque,Accesorios Enganche,Changan,Hunter,2019,2025,NM-HT01
Enganche Americano de Remolque,Accesorios Enganche,Changan,Landtrek,2019,2025,NM-HT01
Enganche Americano de Remolque,Accesorios Enganche,Nissan,NP300,2016,2025,NM-HT01
Enganche Americano de Remolque,Accesorios Enganche,Volkswagen,Amarok,2011,2025,NM-HT01
Organizador DUHA bajo Asiento Trasero,Cajas y Organizadores,Ford,F-150 CD,2015,2025,
Organizador DUHA bajo Asiento Trasero,Cajas y Organizadores,Dodge,RAM 1500 CD,2019,2025,
Organizador DUHA bajo Asiento Trasero,Cajas y Organizadores,Honda,Ridgeline,2017,2025,
Organizador DUHA bajo Asiento Trasero,Cajas y Organizadores,Chevrolet,Silverado 1500 CD,2019,2025,
Caja Multiuso Pickup con Llave,Cajas y Organizadores,Ford,F-150 CD,2004,2025,
Caja Multiuso Pickup con Llave,Cajas y Organizadores,Dodge,RAM 1500 CD,2019,2025,
Caja Multiuso Pickup con Llave,Cajas y Organizadores,Toyota,Tundra,2007,2025,
Caja Multiuso Pickup con Llave,Cajas y Organizadores,Chevrolet,Silverado,2007,2025,
